{"cameraMode":{"drawMode":0,"name":"Shaded","section":"Shading Mode"},"sceneLighting":true,"audioPlay":false,"sceneViewState":{"m_AlwaysRefresh":false,"showFog":true,"showSkybox":false,"showFlares":true,"showImageEffects":true,"showParticleSystems":true,"showVisualEffectGraphs":true,"m_FxEnabled":true},"in2DMode":false,"pivot":{"x":-0.9859551787376404,"y":0.31940531730651858,"z":6.063000202178955},"rotation":{"x":0.009136620908975602,"y":-0.9419686794281006,"z":0.33461302518844607,"w":0.025718605145812036},"size":9.997068405151368,"orthographic":false}