{"cameraMode":{"drawMode":0,"name":"Shaded","section":"Shading Mode"},"sceneLighting":true,"audioPlay":false,"sceneViewState":{"m_AlwaysRefresh":false,"showFog":true,"showSkybox":true,"showFlares":true,"showImageEffects":true,"showParticleSystems":true,"showVisualEffectGraphs":true,"m_FxEnabled":true},"in2DMode":false,"pivot":{"x":-0.11851248145103455,"y":8.5896635055542,"z":16.506649017333986},"rotation":{"x":-0.0007625904981978238,"y":-0.9594051241874695,"z":0.28201791644096377,"w":-0.0025939017068594696},"size":4.389322757720947,"orthographic":false}